WORD,CORPUS,FREQ
the,perl,346
perl,perl,243
the,python,229
python,python,194
of,perl,166
and,perl,160
a,perl,151
a,python,148
of,python,138
and,python,137
to,perl,135
in,python,123
is,python,121
is,perl,118
to,python,108
in,perl,94
for,python,86
as,python,71
that,perl,66
for,perl,64
are,perl,61
it,perl,55
that,python,53
it,python,51
language,perl,50
are,python,47
or,python,47
as,perl,45
be,python,44
an,python,40
be,perl,39
by,perl,39
on,perl,38
with,python,38
can,python,35
edit,perl,35
this,python,33
edit,python,32
has,perl,31
language,python,30
with,perl,29
code,python,28
list,perl,28
by,python,27
interpreter,perl,27
not,python,26
6,perl,25
p,perl,25
can,perl,24
modules,perl,24
regular,perl,24
was,perl,24
on,python,23
used,python,23
x,perl,23
if,python,22
its,perl,22
programming,python,22
this,perl,22
an,perl,21
c,python,21
from,python,21
not,perl,21
programming,perl,21
5,perl,20
also,python,20
code,perl,20
has,python,20
may,perl,20
such,python,20
x,python,20
at,perl,19
from,perl,19
use,perl,19
which,python,19
c,perl,18
have,python,18
one,python,18
other,python,18
list,python,17
return,python,17
types,python,17
but,python,16
expressions,perl,16
many,python,16
one,perl,16
or,perl,16
there,perl,16
use,python,16
was,python,16
which,perl,16
also,perl,15
cpan,perl,15
data,perl,15
expression,perl,15
many,perl,15
object,python,15
only,perl,15
other,perl,15
software,python,15
used,perl,15
all,python,14
been,perl,14
features,perl,14
function,python,14
languages,python,14
line,python,14
source,perl,14
but,perl,13
development,perl,13
elements,perl,13
have,perl,13
python's,python,13
statement,perl,13
strings,python,13
style,python,13
type,python,13
1,perl,12
1,python,12
classes,python,12
example,python,12
i,python,12
more,python,12
new,python,12
some,perl,12
syntax,perl,12
will,python,12
2,python,11
all,perl,11
cond,perl,11
different,perl,11
free,python,11
functions,python,11
guido,python,11
however,python,11
like,perl,11
modules,python,11
name,perl,11
number,perl,11
program,perl,11
program,python,11
programmers,python,11
programs,perl,11
returns,perl,11
set,python,11
subroutine,perl,11
such,perl,11
wall,perl,11
2,perl,10
acme,perl,10
another,perl,10
array,perl,10
available,perl,10
b,python,10
database,perl,10
expressions,python,10
line,perl,10
more,perl,10
os,python,10
standard,python,10
string,perl,10
string,python,10
structures,perl,10
these,perl,10
they,perl,10
uses,python,10
using,python,10
variables,perl,10
where,perl,10
4,perl,9
book,perl,9
called,perl,9
class,python,9
common,perl,9
community,perl,9
control,perl,9
first,python,9
hashes,perl,9
if,perl,9
into,perl,9
languages,perl,9
larry,perl,9
license,python,9
match,perl,9
module,perl,9
most,python,9
objects,python,9
only,python,9
operators,python,9
reference,python,9
run,perl,9
scalars,perl,9
single,perl,9
strings,perl,9
syntax,python,9
tasks,perl,9
than,python,9
unix,perl,9
write,perl,9
0,python,8
both,perl,8
collection,perl,8
collection,python,8
design,perl,8
distribution,perl,8
do,perl,8
docstrings,python,8
does,python,8
element,perl,8
even,python,8
first,perl,8
generator,python,8
indentation,python,8
its,python,8
large,perl,8
m,perl,8
n,python,8
object,perl,8
perl,python,8
see,python,8
since,python,8
so,python,8
sub,perl,8
systems,perl,8
there,python,8
time,perl,8
true,python,8
values,perl,8
web,perl,8
when,python,8
windows,perl,8
within,python,8
abc,perl,7
at,python,7
available,python,7
books,perl,7
camel,perl,7
def,python,7
expr,perl,7
factorial,python,7
foo,perl,7
just,perl,7
make,perl,7
may,python,7
new,perl,7
non,python,7
numbers,python,7
over,perl,7
programmers,perl,7
return,perl,7
rossum,python,7
support,python,7
supports,python,7
system,python,7
text,perl,7
they,python,7
two,python,7
value,perl,7
van,python,7
version,perl,7
version,python,7
well,python,7
were,perl,7
whitespace,python,7
written,perl,7
3000,python,6
accessed,perl,6
arrays,perl,6
block,python,6
book,python,6
character,perl,6
developers,python,6
don't,perl,6
elements,python,6
exceptions,python,6
expression,python,6
false,python,6
forms,python,6
friends,perl,6
functional,perl,6
however,perl,6
immutable,python,6
include,perl,6
included,python,6
including,perl,6
into,python,6
l,python,6
label,perl,6
learning,python,6
library,python,6
like,python,6
man,perl,6
map,perl,6
memory,perl,6
no,python,6
often,perl,6
people,perl,6
practical,perl,6
scalar,perl,6
see,perl,6
short,perl,6
software,perl,6
split,perl,6
support,perl,6
supported,python,6
than,perl,6
tutorial,python,6
under,perl,6
values,python,6
way,perl,6
when,perl,6
will,perl,6
work,perl,6
writing,perl,6
0,perl,5
3,perl,5
4,python,5
5,python,5
among,python,5
any,python,5
applications,perl,5
archive,perl,5
arguments,perl,5
attribute,python,5
block,perl,5
boolean,python,5
both,python,5
break,python,5
call,python,5
called,python,5
case,perl,5
comments,python,5
common,python,5
comparison,python,5
complete,perl,5
comprehension,python,5
computer,perl,5
context,perl,5
create,python,5
dictionary,python,5
do,python,5
documentation,perl,5
does,perl,5
eafp,python,5
easy,perl,5
efficient,perl,5
either,perl,5
example,perl,5
favorite,perl,5
feature,python,5
foo,python,5
form,python,5
foundation,python,5
functional,python,5
functions,perl,5
hash,perl,5
haskell,perl,5
hello,perl,5
how,python,5
implementation,perl,5
includes,perl,5
inheritance,python,5
instance,python,5
instead,python,5
integer,python,5
interfaces,perl,5
isbn,python,5
large,python,5
last,perl,5
lisp,python,5
lists,perl,5
lists,python,5
management,perl,5
most,perl,5
multi,python,5
multiple,python,5
mutable,python,5
names,python,5
network,perl,5
o,python,5
o'reilly,perl,5
obfuscated,perl,5
often,python,5
operator,perl,5
order,python,5
oriented,perl,5
page,perl,5
parrot,perl,5
performance,python,5
place,python,5
primes,python,5
rather,python,5
references,python,5
release,perl,5
resources,python,5
s,perl,5
same,perl,5
same,python,5
scores,perl,5
series,python,5
since,perl,5
some,python,5
switch,perl,5
them,perl,5
these,python,5
type,perl,5
users,python,5
using,perl,5
variables,python,5
while,perl,5
while,python,5
who,perl,5
windows,python,5
work,python,5
y,python,5
1994,perl,4
2.2,python,4
2.4,python,4
about,perl,4
added,perl,4
after,perl,4
after,python,4
algol,python,4
allows,perl,4
although,python,4
another,python,4
any,perl,4
automatically,perl,4
bar,python,4
basic,python,4
batteries,python,4
been,python,4
before,perl,4
being,python,4
between,python,4
built,perl,4
built,python,4
calls,python,4
cannot,python,4
capture,perl,4
cnri,python,4
command,perl,4
compiled,perl,4
complex,perl,4
comprehensions,python,4
constructs,perl,4
controlled,perl,4
core,python,4
created,perl,4
created,python,4
creating,python,4
defined,python,4
designed,perl,4
dictionaries,python,4
difference,python,4
difficult,perl,4
docstring,python,4
documentation,python,4
dynamic,python,4
dynamically,python,4
early,perl,4
else,python,4
engine,perl,4
error,python,4
evaluated,python,4
evaluation,python,4
expanded,perl,4
explicit,python,4
f,python,4
few,perl,4
first_million_primes,python,4
free,perl,4
fun,perl,4
general,perl,4
general,python,4
generate_primes,python,4
generators,python,4
gpl,python,4
he,perl,4
help,python,4
here,python,4
implemented,python,4
includes,python,4
including,python,4
index,perl,4
information,python,4
interface,perl,4
joe,perl,4
just,python,4
keys,perl,4
keys,python,4
leading,perl,4
learn,python,4
loop,python,4
mac,python,4
major,perl,4
making,python,4
mean,perl,4
meaning,python,4
means,python,4
might,python,4
never,python,4
next,perl,4
no,perl,4
now,perl,4
number,python,4
oop,python,4
oriented,python,4
originally,perl,4
parentheses,perl,4
part,python,4
particular,perl,4
pearl,perl,4
people,python,4
philosophy,python,4
pivot,python,4
platforms,perl,4
platforms,python,4
popular,perl,4
print,perl,4
problem,perl,4
programs,python,4
project,perl,4
provides,perl,4
pugs,perl,4
purpose,perl,4
read,python,4
reduce,python,4
reference,perl,4
references,perl,4
released,perl,4
released,python,4
run,python,4
sample,python,4
say,python,4
several,python,4
side,python,4
sigil,perl,4
sigils,perl,4
site,perl,4
so,perl,4
sometimes,python,4
subroutines,perl,4
symbol,perl,4
system,perl,4
takes,perl,4
testing,python,4
tests,perl,4
their,perl,4
their,python,4
thing,python,4
though,python,4
three,perl,4
thus,python,4
tree,perl,4
tutorials,python,4
under,python,4
until,perl,4
useful,python,4
user,python,4
usual,perl,4
variable,python,4
versions,python,4
what,perl,4
widely,perl,4
without,python,4
world,perl,4
written,python,4
z,perl,4
1.6,python,3
1990s,python,3
2.0,python,3
20,python,3
2000,python,3
2005,perl,3
596,perl,3
8,perl,3
about,python,3
access,python,3
accessed,python,3
active,perl,3
added,python,3
allowing,perl,3
already,python,3
although,perl,3
among,perl,3
applications,python,3
arithmetic,python,3
article,perl,3
aspect,python,3
automatic,perl,3
backwards,perl,3
backwards,python,3
because,perl,3
before,python,3
beginner's,python,3
being,perl,3
beopen.com,python,3
better,perl,3
binary,perl,3
books,python,3
braces,perl,3
broad,perl,3
bsd,python,3
call,perl,3
captured,perl,3
change,perl,3
changes,python,3
characters,perl,3
characters,python,3
closures,python,3
collections,python,3
comes,python,3
compared,python,3
compatibility,perl,3
compatible,perl,3
compatible,python,3
compile,perl,3
complex,python,3
composite,python,3
comprehensive,perl,3
computer,python,3
contains,python,3
contrast,python,3
core,perl,3
correct,python,3
corresponding,perl,3
cross,perl,3
culture,perl,3
current,perl,3
currently,python,3
data,python,3
databases,perl,3
definition,python,3
design,python,3
development,python,3
directly,perl,3
distributions,perl,3
done,perl,3
done,python,3
dynamic,perl,3
e.g,python,3
each,perl,3
edition,python,3
either,python,3
empty,python,3
enclosed,perl,3
english,python,3
entered,perl,3
equivalent,python,3
established,perl,3
evaluates,perl,3
evaluates,python,3
even,perl,3
examples,perl,3
examples,python,3
except,python,3
exception,python,3
executable,perl,3
execution,perl,3
expressed,python,3
extensively,python,3
faster,python,3
features,python,3
few,python,3
file,perl,3
following,perl,3
foreach,perl,3
frozenset,python,3
generally,perl,3
generate,python,3
get,python,3
getline,python,3
good,perl,3
goto,perl,3
hacker,perl,3
handling,python,3
here,perl,3
http,perl,3
i,perl,3
implemented,perl,3
implicit,python,3
important,python,3
int,python,3
interface,python,3
internals,python,3
internet,python,3
introduced,python,3
introduction,python,3
isbn,perl,3
item,python,3
itertools,python,3
itself,perl,3
key,perl,3
keyword,perl,3
keywords,python,3
kinds,perl,3
known,python,3
last,python,3
latin,perl,3
lazy,python,3
license,perl,3
lines,perl,3
linux,python,3
long,python,3
longer,python,3
loops,python,3
mac,perl,3
machine,perl,3
main,perl,3
maintenance,perl,3
makes,python,3
map,python,3
mappings,python,3
matching,perl,3
method,python,3
microsoft,perl,3
module,python,3
much,perl,3
much,python,3
must,python,3
my,perl,3
n,perl,3
name,python,3
named,perl,3
names,perl,3
namespace,perl,3
naming,perl,3
need,python,3
needed,python,3
none,python,3
o,perl,3
off,python,3
online,perl,3
online,python,3
open,python,3
operations,python,3
os,perl,3
out,perl,3
out,python,3
over,python,3
p,python,3
pages,perl,3
pairs,perl,3
paradigm,python,3
parameters,perl,3
parse,perl,3
parsed,perl,3
part,perl,3
party,python,3
pass,perl,3
perligata,perl,3
place,perl,3
planned,python,3
pocket,python,3
point,python,3
possible,python,3
practice,python,3
prints,perl,3
procedural,perl,3
process,perl,3
programmer,python,3
provided,perl,3
python,perl,3
pythonic,python,3
qsort,python,3
r,perl,3
removing,python,3
resulting,perl,3
returned,perl,3
rfcs,perl,3
scripting,python,3
scripts,perl,3
search,perl,3
sequences,python,3
several,perl,3
shebang,perl,3
shell,python,3
short,python,3
should,perl,3
simple,python,3
single,python,3
space,python,3
special,python,3
specification,perl,3
standard,perl,3
stop_at,python,3
structure,perl,3
structured,python,3
sys.stdin.readline,python,3
task,perl,3
then,python,3
think,python,3
third,python,3
those,perl,3
those,python,3
time,python,3
times,python,3
tips,python,3
together,perl,3
tools,python,3
two,perl,3
types,perl,3
usage,python,3
user,perl,3
value,python,3
versions,perl,3
very,python,3
way,python,3
were,python,3
what,python,3
where,python,3
whereas,python,3
who,python,3
wiki,python,3
wikibooks,perl,3
would,python,3
y,perl,3
years,perl,3
you,perl,3
za,perl,3
1.6.1,python,2
1000000,python,2
1987,perl,2
1991,perl,2
2.1,python,2
2.2.1,python,2
2005,python,2
2006,perl,2
3,python,2
32,perl,2
4.036,perl,2
42,perl,2
9,python,2
abc,python,2
above,perl,2
above,python,2
absolute,python,2
access,perl,2
accessing,perl,2
accessor,python,2
act,perl,2
activeperl,perl,2
actual,perl,2
actually,python,2
add,python,2
addison,python,2
address,perl,2
allow,perl,2
allows,python,2
alter,python,2
alternative,python,2
always,python,2
ambiguities,perl,2
api,perl,2
apocalypses,perl,2
appears,python,2
application,python,2
argument,perl,2
arrays,python,2
articles,python,2
artistic,perl,2
ask,python,2
aspects,python,2
associative,perl,2
attributes,python,2
authors,perl,2
availability,perl,2
based,python,2
baz,python,2
because,python,2
begin,perl,2
behavior,python,2
best,python,2
bioinformatics,perl,2
blocks,perl,2
blocks,python,2
broadly,perl,2
build,perl,2
calling,perl,2
calling,python,2
calls,perl,2
cannot,perl,2
canonical,perl,2
card,python,2
central,python,2
change,python,2
changes,perl,2
channel,perl,2
character,python,2
checked,python,2
checking,python,2
circuit,perl,2
claims,perl,2
class,perl,2
classic,python,2
clear,python,2
clearly,python,2
coding,perl,2
coding,python,2
come,python,2
comma,perl,2
commonly,perl,2
commonly,python,2
compact,perl,2
compatibility,python,2
compiler,perl,2
condition,python,2
considered,python,2
consistent,perl,2
constructs,python,2
contain,python,2
container,python,2
contains,perl,2
contest,perl,2
continue,perl,2
contributed,perl,2
control,python,2
conventional,python,2
conversion,python,2
conversions,perl,2
correspond,perl,2
costs,perl,2
could,python,2
count,python,2
course,perl,2
course,python,2
custom,python,2
cwi,python,2
cygwin,perl,2
d,perl,2
david,python,2
days,perl,2
dbd,perl,2
dbi,perl,2
de,perl,2
define,python,2
defined,perl,2
defining,python,2
delimited,python,2
delimiters,perl,2
demand,python,2
dependencies,perl,2
details,python,2
develop,python,2
developers,perl,2
directory,perl,2
discussion,perl,2
distribute,perl,2
documents,perl,2
download,perl,2
earlier,perl,2
ease,perl,2
easily,python,2
edition,perl,2
effect,perl,2
effects,python,2
element,python,2
elif,python,2
else,perl,2
encoding,perl,2
end,perl,2
end,python,2
enforce,perl,2
enforced,python,2
enlarge,python,2
entirely,python,2
especially,perl,2
especially,python,2
evaluate,python,2
evaluated,perl,2
every,perl,2
everything,python,2
exceptional,python,2
exceptions,perl,2
execution,python,2
expected,python,2
expense,perl,2
expensive,perl,2
experienced,python,2
extending,perl,2
extensive,python,2
external,perl,2
extraction,perl,2
f,perl,2
facilities,perl,2
facto,perl,2
fewer,perl,2
file,python,2
filter,perl,2
filter,python,2
find,perl,2
find,python,2
flow,perl,2
foo.bar,python,2
formerly,python,2
forum,perl,2
found,python,2
fsf,python,2
function,perl,2
functionality,python,2
further,python,2
future,python,2
games,python,2
gnu,perl,2
goal,perl,2
goal,python,2
golf,perl,2
good,python,2
goto,python,2
grep,perl,2
groups,perl,2
had,perl,2
had,python,2
hand,perl,2
handle,perl,2
handle_error,python,2
handled,perl,2
handling,perl,2
hardcopy,python,2
hardware,perl,2
hash,python,2
his,perl,2
his,python,2
history,perl,2
hold,python,2
home,python,2
i.e,perl,2
i.e,python,2
identifies,perl,2
identify,perl,2
idiom,perl,2
idioms,python,2
immediately,python,2
implementation,python,2
implements,perl,2
import,python,2
important,perl,2
importantly,perl,2
impossible,perl,2
include,python,2
included,perl,2
increasingly,perl,2
indeed,python,2
indexed,python,2
indicate,python,2
indigoperl,perl,2
individual,perl,2
install,perl,2
instead,perl,2
intended,perl,2
interactive,python,2
interpreted,python,2
interpreter,python,2
introduction,perl,2
invoke,python,2
islice,python,2
issues,perl,2
iterator,python,2
java,python,2
journal,perl,2
lambda,python,2
lazily,python,2
legal,perl,2
less,python,2
letter,perl,2
level,perl,2
lexer,perl,2
lexically,perl,2
libraries,python,2
library,perl,2
licensed,perl,2
likewise,python,2
limited,python,2
lingua,perl,2
links,perl,2
links,python,2
linux,perl,2
lisp,perl,2
logical,perl,2
logical,python,2
logo,python,2
look,perl,2
magazine,perl,2
mailing,python,2
maintained,perl,2
maintained,python,2
make,python,2
makes,perl,2
manipulating,python,2
mark,python,2
marked,perl,2
mathematical,python,2
matloff's,python,2
mb,perl,2
meaning,perl,2
members,python,2
memory,python,2
mertz,python,2
message,python,2
methods,python,2
microsoft,python,2
minor,python,2
misleading,python,2
mode,python,2
model,perl,2
modified,perl,2
modifiers,perl,2
mongers,perl,2
monty,python,2
moreover,python,2
native,perl,2
natural,python,2
nearly,perl,2
neologisms,python,2
next,python,2
non,perl,2
norm,python,2
numbered,perl,2
object's,python,2
october,perl,2
off,perl,2
offers,python,2
official,perl,2
omitted,perl,2
once,python,2
operating,perl,2
operating,python,2
operation,python,2
operations,perl,2
operators,perl,2
optimization,perl,2
optional,python,2
oranges,perl,2
others,perl,2
otherwise,python,2
our,perl,2
overview,perl,2
own,perl,2
own,python,2
packages,perl,2
parser,perl,2
parsing,perl,2
particular,python,2
parts,perl,2
party,perl,2
passed,perl,2
passed,python,2
past,python,2
pattern,perl,2
perfect,python,2
perl.org,perl,2
perlintro,perl,2
permission,python,2
permits,python,2
php,perl,2
picture,perl,2
platform,perl,2
playstation,python,2
poems,perl,2
poetry,perl,2
points,perl,2
popular,python,2
porting,perl,2
portions,perl,2
posix,perl,2
possible,perl,2
practice,perl,2
prefix,python,2
primary,perl,2
prime,python,2
principle,python,2
private,python,2
processing,perl,2
programmed,python,2
programmer,perl,2
projects,python,2
proper,python,2
property,python,2
proposals,perl,2
provides,python,2
providing,perl,2
published,perl,2
published,python,2
punctuation,python,2
purchased,python,2
py,python,2
python.org,python,2
python411,python,2
pythonlabs,python,2
q,perl,2
quick,python,2
quicksort,python,2
quotes,perl,2
range,python,2
rarely,perl,2
rather,perl,2
read,perl,2
readable,python,2
really,python,2
reason,python,2
red,perl,2
referred,python,2
referring,perl,2
regular,python,2
reject,python,2
related,python,2
relative,python,2
release,python,2
relinking,perl,2
rely,perl,2
remains,perl,2
remove,python,2
replace,perl,2
report,perl,2
repository,python,2
require,perl,2
required,perl,2
requirements,perl,2
resolve,perl,2
restricted,perl,2
result,perl,2
results,perl,2
romana,perl,2
running,perl,2
runs,python,2
sam,perl,2
samples,python,2
scheme,python,2
scientist,python,2
scoped,perl,2
second,python,2
section,python,2
seen,python,2
separate,python,2
separated,perl,2
sequence,python,2
series,perl,2
shift,perl,2
show,perl,2
significant,python,2
similar,perl,2
simple,perl,2
simplicity,perl,2
simply,perl,2
simply,python,2
sites,perl,2
sound,perl,2
sources,perl,2
spaces,python,2
span,python,2
special,perl,2
spelling,perl,2
sql,perl,2
stable,perl,2
static,python,2
stdin,python,2
still,perl,2
storage,perl,2
str,python,2
straightforward,python,2
strokes,perl,2
strong,perl,2
structs,perl,2
structure,python,2
style,perl,2
subject,perl,2
submitted,perl,2
supports,perl,2
surrounded,perl,2
syntactically,python,2
systems,python,2
tabs,python,2
team,python,2
techniques,python,2
terms,python,2
test,perl,2
them,python,2
things,python,2
third,perl,2
through,perl,2
timeline,perl,2
top,perl,2
true,perl,2
try,python,2
tuples,python,2
two_thousandth_prime,python,2
typed,python,2
typically,perl,2
typing,perl,2
typing,python,2
u,perl,2
ugliness,perl,2
ugly,perl,2
understand,perl,2
unix,python,2
unless,perl,2
unordered,python,2
unpythonic,python,2
until,python,2
unusual,python,2
upload,perl,2
url,perl,2
users,perl,2
uses,perl,2
var,perl,2
variable,perl,2
variety,perl,2
very,perl,2
via,perl,2
via,python,2
virtual,perl,2
virtually,perl,2
visually,python,2
want,perl,2
wantarray,perl,2
ways,perl,2
ways,python,2
web,python,2
wesley,python,2
whatever,perl,2
whenever,python,2
whitespace,perl,2
whole,perl,2
wide,perl,2
wide,python,2
wikibooks,python,2
without,perl,2
words,perl,2
working,perl,2
yet,perl,2
yield,python,2
you,python,2
zero,python,2
__add__,python,1
__dict__,python,1
__getattribute__,python,1
0.0,python,1
00027,perl,1
00313,perl,1
0201709384,python,1
0321112547,python,1
0596009402,python,1
0971677506,python,1
1.0,perl,1
1.2,python,1
10,python,1
100,python,1
10105,perl,1
12,perl,1
13,perl,1
15,perl,1
"150,000",perl,1
16,perl,1
17,perl,1
18,perl,1
1988,perl,1
1989,perl,1
1993,perl,1
1995,perl,1
1995,python,1
"2,500",perl,1
2.3,python,1
"200,000",perl,1
2000,perl,1
2000000,python,1
2001,perl,1
2001,python,1
2002,perl,1
2004,python,1
26,perl,1
300,perl,1
"350,000",perl,1
390,python,1
3rd,python,1
400,python,1
42,python,1
45,perl,1
46,perl,1
5.10,perl,1
5.8.8,perl,1
50,perl,1
500,perl,1
7,perl,1
770,python,1
78498,python,1
8,python,1
"8,800",perl,1
"90,000",perl,1
9541617,python,1
abandoned,perl,1
abilities,python,1
ability,perl,1
ability,python,1
academia,python,1
accepted,perl,1
accepted,python,1
accessible,python,1
accordance,python,1
according,python,1
accumulation,python,1
accurate,perl,1
achieve,perl,1
acknowledged,python,1
acknowledges,perl,1
acorn,python,1
acquired,perl,1
acronym,perl,1
actively,perl,1
actively,python,1
activestate,perl,1
acts,python,1
actually,perl,1
ad,perl,1
add,perl,1
additional,perl,1
addresses,perl,1
addressing,perl,1
administration,perl,1
administrators,perl,1
admirers,python,1
adopt,python,1
adopted,perl,1
adopted,python,1
adopting,perl,1
adults,python,1
advanced,perl,1
advanced,python,1
advancement,python,1
advantage,python,1
aficionados,python,1
afpy,python,1
against,perl,1
ahead,python,1
aims,python,1
aix,python,1
alan,python,1
algorithm,perl,1
algorithm,python,1
aliased,perl,1
alike,python,1
allocates,perl,1
allowed,perl,1
allowed,python,1
allowing,python,1
alone,python,1
alongside,python,1
alpha,python,1
already,perl,1
alternately,perl,1
amiga,python,1
amigaos,perl,1
amoeba,python,1
amusing,perl,1
analysis,python,1
analyzers,perl,1
annotate,python,1
annotated,python,1
annual,perl,1
anonymous,python,1
ansi,perl,1
anyone,perl,1
anyway,python,1
anywhere,perl,1
apache,perl,1
apache,python,1
api,python,1
appealing,python,1
appear,perl,1
appearing,perl,1
appended,python,1
application,perl,1
approach,perl,1
approach,python,1
appropriate,perl,1
appropriate,python,1
approval,python,1
april,python,1
arbitrarily,python,1
arbitrary,python,1
arcane,perl,1
arch,perl,1
architecture,perl,1
architecture,python,1
architectures,perl,1
archives,python,1
argument,python,1
argumentum,perl,1
arise,perl,1
arise,python,1
army,perl,1
aros,python,1
around,perl,1
around,python,1
article,python,1
aside,perl,1
asks,python,1
aspects,perl,1
assign,perl,1
assigned,perl,1
assignment,perl,1
assignment,python,1
associate,perl,1
attempt,python,1
attempts,python,1
attested,perl,1
attitude,python,1
attributeerror,python,1
atypical,python,1
audrey,perl,1
augmented,python,1
author,python,1
author's,perl,1
auto,perl,1
automatically,python,1
availability,python,1
award,python,1
awarded,python,1
away,perl,1
awk,perl,1
b,perl,1
backronyms,perl,1
backtracking,perl,1
banging,perl,1
barrier,perl,1
barrier,python,1
base,perl,1
base,python,1
based,perl,1
basic,perl,1
bdfl,python,1
beautiful,perl,1
beautiful,python,1
became,perl,1
became,python,1
become,perl,1
become,python,1
becomes,python,1
began,perl,1
begin,python,1
beginner,python,1
beginners,python,1
beginning,perl,1
begins,perl,1
begun,perl,1
behaviour,perl,1
below,perl,1
below,python,1
benefits,perl,1
benevolent,python,1
bent,perl,1
beopen,python,1
beos,perl,1
beos,python,1
besides,perl,1
beta,python,1
better,python,1
between,perl,1
bewildering,perl,1
bibliotheca,python,1
bidding,perl,1
bin,perl,1
binary,python,1
binding,python,1
binds,python,1
bioperl,perl,1
bison,perl,1
bittorrent,python,1
bleach,perl,1
blue,perl,1
body,perl,1
books.perl.org,perl,1
books.us,perl,1
boon,python,1
borrows,python,1
bought,python,1
bound,perl,1
bound,python,1
brace,perl,1
braces,python,1
bracketed,python,1
brackets,perl,1
branch,perl,1
branching,python,1
breaks,python,1
brevity,perl,1
brief,perl,1
brief,python,1
broad,python,1
brown,python,1
browsed,perl,1
bug,python,1
bugs,perl,1
bugs,python,1
bulk,python,1
bumped,perl,1
buttons,perl,1
byte,python,1
bytes,python,1
c8r,perl,1
calculating,python,1
calculator,python,1
candidates,python,1
capabilities,perl,1
capable,python,1
capitalized,perl,1
caps,perl,1
carry,python,1
cartoon,perl,1
case,python,1
cases,perl,1
cases,python,1
casting,python,1
catching,python,1
caused,python,1
ce,python,1
centred,perl,1
certain,python,1
cgi,perl,1
chained,python,1
chainsaw,perl,1
changed,perl,1
changing,perl,1
chapters,perl,1
charming,python,1
cheatsheet,python,1
checks,python,1
cheese,python,1
choice,python,1
choose,perl,1
chosen,perl,1
circuit,python,1
circuiting,python,1
circus,python,1
cite,perl,1
cited,python,1
cities,perl,1
clarified,perl,1
clarity,perl,1
classes,perl,1
classic,perl,1
clearly,perl,1
clever,python,1
client,perl,1
close,perl,1
closure,python,1
closures,perl,1
club,perl,1
clumsy,perl,1
cluttered,python,1
coderefs,perl,1
coders,python,1
cogliati,python,1
coherent,perl,1
coin,python,1
collect,perl,1
collected,perl,1
collections,perl,1
color,perl,1
column,python,1
combination,perl,1
come,perl,1
coming,perl,1
command,python,1
commas,perl,1
comments,perl,1
commercial,perl,1
commercial,python,1
communities,python,1
community,python,1
comp.sources.misc,perl,1
compact,python,1
comparable,perl,1
compatibily,python,1
competitions,perl,1
compiler,python,1
compiles,perl,1
complaint,perl,1
complements,perl,1
complete,python,1
completely,python,1
complexity,perl,1
compliant,perl,1
complicate,perl,1
component,perl,1
compressed,perl,1
comprising,perl,1
computationally,python,1
computing,python,1
con,perl,1
concept,python,1
concepts,perl,1
conceptually,perl,1
concern,perl,1
concerns,perl,1
concluded,perl,1
concurrent,perl,1
conditions,perl,1
conditions,python,1
conference,perl,1
confidence,perl,1
configured,perl,1
conflict,perl,1
conflicting,perl,1
confusing,python,1
connecting,python,1
connectivity,perl,1
connotations,perl,1
consenting,python,1
consequence,perl,1
consequently,perl,1
consider,perl,1
consider,python,1
considerations,python,1
considered,perl,1
consistency,perl,1
consistent,python,1
consists,perl,1
constant,perl,1
constants,python,1
constitute,perl,1
construct,perl,1
construct,python,1
construction,python,1
constructions,perl,1
constructions,python,1
containing,perl,1
containing,python,1
containment,python,1
content,python,1
continuations,python,1
continued,perl,1
continued,python,1
continues,perl,1
continuing,python,1
continuous,perl,1
contract,python,1
contrast,perl,1
contrasted,perl,1
contributions,python,1
convention,perl,1
convention,python,1
conventionally,python,1
conversely,perl,1
convert,python,1
convey,perl,1
cookbook,perl,1
coordinate,perl,1
coordinated,perl,1
coordinates,perl,1
copied,python,1
coroutine,python,1
corporation,python,1
corresponding,python,1
count,perl,1
cover,perl,1
cover,python,1
covers,python,1
cpan.pm,perl,1
cpanplus,perl,1
cpu,perl,1
create,perl,1
creations,python,1
creative,perl,1
criticised,perl,1
criticism,perl,1
criticized,perl,1
cross,python,1
cryptic,perl,1
culminating,perl,1
culprit,python,1
culturally,perl,1
culture,python,1
curly,perl,1
currency,perl,1
current,python,1
currently,perl,1
daily,python,1
databases,python,1
davis,python,1
day,perl,1
day,python,1
debated,python,1
december,perl,1
decided,perl,1
deciding,python,1
decimals,python,1
decision,perl,1
decision,python,1
declarations,python,1
declared,perl,1
decoding,perl,1
deeply,python,1
definite,python,1
definition,perl,1
definitions,perl,1
definitively,perl,1
degree,perl,1
deleted,python,1
deliberately,perl,1
delights,perl,1
delimit,python,1
delimited,perl,1
demonstrates,python,1
dense,perl,1
depend,perl,1
derivative,python,1
derived,python,1
derives,perl,1
describe,python,1
describes,perl,1
designed,python,1
designers,perl,1
designers,python,1
desirable,python,1
desktop,python,1
destination,perl,1
destroy,python,1
detail,python,1
details,perl,1
detecting,perl,1
determine,python,1
detractors,perl,1
developed,perl,1
developed,python,1
dictator,python,1
dictionary,perl,1
dictionary's,python,1
differ,python,1
differences,python,1
differently,python,1
difficult,python,1
digesting,perl,1
digital,python,1
direction,python,1
directly,python,1
directory,python,1
disadvantage,python,1
disadvantages,python,1
discourage,perl,1
discover,perl,1
discovered,perl,1
discusses,python,1
discussing,perl,1
discussion,python,1
dismays,perl,1
disparate,python,1
dispatch,perl,1
disprove,perl,1
distinction,perl,1
distinguishable,python,1
distributed,perl,1
distributes,perl,1
dive,python,1
diverged,perl,1
divide,perl,1
divides,perl,1
division,python,1
doctest,python,1
doctrines,python,1
document,perl,1
documented,perl,1
documented,python,1
documents,python,1
doing,python,1
don't,python,1
double,python,1
download,python,1
downloaded,perl,1
downloads,python,1
dozen,perl,1
drake,python,1
drawn,python,1
driver,perl,1
drivers,perl,1
duck,python,1
duct,perl,1
due,perl,1
duplicates,python,1
duplication,python,1
during,python,1
each,python,1
earlier,python,1
early,python,1
ease,python,1
easier,perl,1
easier,python,1
easily,perl,1
eclectic,perl,1
effect,python,1
effects,perl,1
efficient,python,1
efforts,python,1
eggs,python,1
elegant,perl,1
elegantly,python,1
elsif,perl,1
embed,python,1
embedded,perl,1
embedded,python,1
embraced,perl,1
employs,perl,1
enable,perl,1
enabled,perl,1
enabling,python,1
encapsulated,perl,1
enclosing,python,1
encoded,python,1
enforcement,python,1
engenders,perl,1
english,perl,1
enhancement,python,1
enhancing,python,1
enjoy,perl,1
enjoyable,perl,1
ensure,perl,1
enter,perl,1
enter,python,1
entered,python,1
entire,perl,1
entirely,perl,1
entry,perl,1
environment,perl,1
equivalents,python,1
errors,perl,1
essentially,perl,1
essentially,python,1
etc,python,1
eval,perl,1
evalulating,perl,1
events,python,1
ever,perl,1
everybody,python,1
everything,perl,1
evidenced,perl,1
evolving,python,1
exacerbate,perl,1
exactly,python,1
excessively,perl,1
execute,perl,1
executed,perl,1
executes,perl,1
exercise,perl,1
exhaustive,python,1
existing,python,1
exists,python,1
exit,perl,1
expecting,python,1
experimental,perl,1
explain,python,1
explanation,perl,1
explore,perl,1
explorers,python,1
expressive,python,1
expressiveness,perl,1
expressly,perl,1
expressly,python,1
extend,python,1
extending,python,1
extensibility,python,1
extension,perl,1
extension,python,1
extensively,perl,1
extent,python,1
external,python,1
extract,python,1
extracted,python,1
extremely,perl,1
exuberant,python,1
facilitate,perl,1
facing,python,1
fact,perl,1
failure,perl,1
falling,perl,1
family,python,1
faqts,python,1
fatal,perl,1
fate,python,1
favor,perl,1
favor,python,1
favored,perl,1
favoring,python,1
favors,perl,1
feature,perl,1
featured,perl,1
feel,python,1
feelings,perl,1
fewer,python,1
filesystems,perl,1
filters,perl,1
finalized,python,1
finance,perl,1
finder,perl,1
five,python,1
fixes,python,1
flaws,python,1
flexibility,perl,1
flexible,perl,1
floating,python,1
flow,python,1
fluency,python,1
flying,python,1
folding,perl,1
follow,perl,1
follow,python,1
following,python,1
follows,python,1
foo.set_x,python,1
foo.x,python,1
forced,perl,1
forcing,python,1
forgiveness,python,1
forgoes,python,1
forgotten,perl,1
fork,perl,1
form,perl,1
format,python,1
formats,python,1
formatting,python,1
forth,python,1
fortran,perl,1
fortran,python,1
fortunes,perl,1
forums,python,1
foundation,perl,1
four,perl,1
fourth,perl,1
framework,perl,1
framework,python,1
fred,python,1
freebsd,perl,1
freebsd,python,1
freely,perl,1
freenode,perl,1
frees,perl,1
freewheeling,perl,1
french,python,1
frequently,python,1
fully,perl,1
fun,python,1
functionality,perl,1
functionally,python,1
fundamental,perl,1
future,perl,1
g,perl,1
gain,perl,1
game,python,1
garbage,python,1
gauld,python,1
generating,perl,1
generic,python,1
german,python,1
getting,perl,1
give,perl,1
give,python,1
given,perl,1
given,python,1
gives,perl,1
glance,python,1
global,perl,1
gloria,perl,1
glue,perl,1
gnu,python,1
go,python,1
google,perl,1
google,python,1
gp2x,python,1
gpl,perl,1
graham,perl,1
grammar,perl,1
graphical,python,1
great,perl,1
greater,perl,1
greatest,python,1
greedy,python,1
group,perl,1
group,python,1
growing,perl,1
grown,perl,1
gui,perl,1
gui,python,1
guidance,perl,1
guide,python,1
guiding,python,1
guido's,python,1
hackers,perl,1
half,perl,1
hand,python,1
handles,perl,1
hard,python,1
harsh,perl,1
hasattr,python,1
hashable,python,1
having,perl,1
having,python,1
he,python,1
heads,perl,1
heard,python,1
heavily,python,1
help,perl,1
heuristics,perl,1
hiding,python,1
hierarchy,python,1
high,perl,1
highly,python,1
him,python,1
himself,python,1
historical,python,1
history,python,1
hobby,perl,1
holds,perl,1
hood,perl,1
horribly,perl,1
hostile,python,1
http,python,1
huffman,perl,1
human,python,1
humans,perl,1
humor,perl,1
humorous,perl,1
humour,perl,1
hundred,perl,1
hundreds,perl,1
idea,perl,1
identical,python,1
identifiers,perl,1
identifying,perl,1
ideology,python,1
idiomatic,python,1
ignored,python,1
ill,python,1
illegal,perl,1
immediately,perl,1
impact,perl,1
imperfections,perl,1
implementations,perl,1
implementations,python,1
implements,python,1
implications,python,1
implicit,perl,1
imports,python,1
impressive,perl,1
improve,python,1
improved,perl,1
improvements,perl,1
incompatible,python,1
incorrectly,python,1
incr,perl,1
increment,python,1
indent,python,1
indented,python,1
indenters,perl,1
independent,perl,1
index,python,1
indexing,python,1
indicate,perl,1
indicates,perl,1
indices,perl,1
industry,perl,1
industry,python,1
inefficient,perl,1
infinite,python,1
infix,python,1
information,perl,1
informed,perl,1
infrastructure,perl,1
init,perl,1
initialize,python,1
initialized,perl,1
initiative,perl,1
initiatives,python,1
input,perl,1
input_file,perl,1
ins,python,1
insensitive,perl,1
inserted,python,1
inside,perl,1
installations,perl,1
installed,perl,1
installers,perl,1
instances,python,1
integral,perl,1
integrating,python,1
integrity,perl,1
intellectual,python,1
intended,python,1
intensive,python,1
intensively,python,1
interacted,python,1
interactions,python,1
interesting,perl,1
interfaces,python,1
intermediate,python,1
internal,perl,1
internet,perl,1
interoperate,perl,1
interpolated,perl,1
interpret,python,1
interpretation,python,1
intersection,python,1
introduce,perl,1
introduce,python,1
introduces,perl,1
introducing,python,1
introductory,python,1
introspection,perl,1
introspection,python,1
invalid,python,1
invoke,perl,1
invoked,perl,1
invoked,python,1
invokes,python,1
irc,perl,1
irix,python,1
issue,python,1
it's,perl,1
items,python,1
iterate,python,1
iterated,python,1
iteration,python,1
iterators,python,1
itself,python,1
ix,perl,1
japh,perl,1
japhs,perl,1
jargon,perl,1
java,perl,1
job,perl,1
job,python,1
joined,python,1
joining,python,1
joke,python,1
jokingly,python,1
jon,perl,1
josh,python,1
journal,python,1
journals,python,1
journey,perl,1
jr,python,1
jump,python,1
jvm,python,1
keystrokes,perl,1
keyword,python,1
keywords,perl,1
kind,python,1
know,python,1
knowledgeable,python,1
knows,perl,1
l,perl,1
labeled,perl,1
labeled,python,1
labor,perl,1
lack,perl,1
lack,python,1
lambdas,python,1
lamp,perl,1
language's,perl,1
largely,python,1
larry's,perl,1
latest,perl,1
latter,perl,1
layout,python,1
leads,perl,1
leads,python,1
learning,perl,1
leave,python,1
led,perl,1
left,python,1
legitimate,python,1
length,python,1
lengthy,perl,1
less,perl,1
lesser,python,1
leveraged,python,1
lex,perl,1
lexical,python,1
libraries,perl,1
life,python,1
lighter,perl,1
likened,perl,1
limits,perl,1
lines,python,1
linguist,perl,1
linguistic,perl,1
link,perl,1
linked,perl,1
lister,perl,1
listing,perl,1
literary,perl,1
literature,python,1
little,perl,1
lived,python,1
llama,perl,1
local,perl,1
local,python,1
locally,python,1
located,python,1
logic,python,1
logos,perl,1
longest,perl,1
looked,perl,1
looking,perl,1
looks,python,1
lookup,python,1
looping,perl,1
loops,perl,1
lot,perl,1
lots,python,1
love,python,1
lrep,perl,1
lutz,python,1
machine,python,1
macintosh,python,1
macperl,perl,1
macros,perl,1
made,perl,1
made,python,1
mailing,perl,1
mailman,python,1
main,python,1
mainframe,python,1
maintainability,perl,1
major,python,1
management,python,1
mangling,python,1
manipulate,python,1
manipulation,perl,1
manner,perl,1
manner,python,1
manual,python,1
manuals,perl,1
mapped,python,1
mapping,python,1
mark,perl,1
markers,python,1
martin,python,1
matches,perl,1
materials,python,1
mathematics,perl,1
mathematics,python,1
mattered,python,1
matthew,perl,1
meanings,python,1
mechanism,perl,1
mechanism,python,1
media,perl,1
media,python,1
member,python,1
mention,perl,1
mentioned,python,1
merely,python,1
meshes,python,1
message,perl,1
meta,python,1
metaclass,python,1
metaclasses,python,1
metasyntactic,python,1
method,perl,1
methodology,python,1
million,python,1
mime,python,1
minimal,perl,1
minimalist,python,1
minutes,python,1
mirrored,perl,1
miscellaneous,perl,1
mistake,python,1
mixing,python,1
mixins,python,1
mixinsforpython,python,1
mn,perl,1
mnemonic,perl,1
mnet,python,1
mode,perl,1
model,python,1
modeled,python,1
moderately,python,1
moderator,python,1
modifer,perl,1
modified,python,1
modify,perl,1
modify,python,1
modifying,perl,1
money,python,1
monks,perl,1
mostly,python,1
motto,python,1
mottos,perl,1
move,python,1
moved,python,1
multi,perl,1
multiple,perl,1
multiply,python,1
mysql,perl,1
myths,perl,1
na√Øve,python,1
named,python,1
namespace,python,1
national,python,1
natural,perl,1
naturally,python,1
nature,perl,1
nauseam,perl,1
nearly,python,1
necessary,perl,1
need,perl,1
needed,perl,1
nested,python,1
netbsd,python,1
netherlands,python,1
networking,perl,1
never,perl,1
newline,perl,1
news,perl,1
newsgroup,perl,1
noise,perl,1
nokia,python,1
none,perl,1
nonprogrammers,perl,1
normal,perl,1
normal,python,1
normally,perl,1
notably,python,1
notation,python,1
nrekcah,perl,1
nullifies,python,1
numbers,perl,1
numeric,python,1
numerical,perl,1
numpy,python,1
o'reilly,python,1
objective,perl,1
objects,perl,1
obscure,perl,1
obtained,perl,1
occasional,python,1
occasionally,python,1
occur,perl,1
offensive,python,1
offer,perl,1
offering,python,1
official,python,1
old,perl,1
old,python,1
once,perl,1
ones,python,1
ongoing,python,1
oo,perl,1
open,perl,1
openbsd,python,1
operate,perl,1
operation,perl,1
operator,python,1
opinion,perl,1
opposite,perl,1
opposite,python,1
optimization,python,1
optimizations,perl,1
optimized,perl,1
ord,perl,1
ordered,perl,1
ordered,python,1
ordering,python,1
ordinary,perl,1
organization,python,1
orientation,python,1
origin,perl,1
origin,python,1
original,perl,1
originally,python,1
orwant,perl,1
os's,python,1
oscon,perl,1
others,python,1
otherwise,perl,1
outdo,perl,1
output_file,perl,1
outsiders,perl,1
overall,perl,1
overloaded,python,1
overview,python,1
owned,python,1
owns,perl,1
p:close,perl,1
package,perl,1
package,python,1
packaged,perl,1
page,python,1
palindrome,perl,1
palm,python,1
panoply,python,1
paradigm,perl,1
paradigms,perl,1
paradigms,python,1
paradox,perl,1
parallels,python,1
parameter,perl,1
parameter,python,1
parses,perl,1
parsimonious,python,1
participants,perl,1
particularly,perl,1
particularly,python,1
pascal,python,1
passing,python,1
passionate,perl,1
past,perl,1
pastime,perl,1
pathologically,perl,1
paul,perl,1
pause,perl,1
pc,python,1
pe,perl,1
peeking,perl,1
peephole,perl,1
pep,python,1
perceived,python,1
perennial,python,1
perform,python,1
performance,perl,1
performing,python,1
performs,perl,1
perhaps,perl,1
period,perl,1
perl.com,perl,1
perl's,perl,1
perl1,perl,1
perl5,perl,1
perl5xydelta,perl,1
perl6,perl,1
perlcast,perl,1
perldoc,perl,1
perldoc.perl.org,perl,1
perlfunc,perl,1
perlmonks,perl,1
perlre,perl,1
perlsyn,perl,1
persistent,perl,1
persistent,python,1
person,perl,1
phase,perl,1
phases,perl,1
phrase,perl,1
physical,perl,1
piece,python,1
pipe,perl,1
pipes,perl,1
pirate,perl,1
pl,perl,1
plan,python,1
plans,perl,1
plans,python,1
platform,python,1
playful,python,1
podcast,perl,1
podcast,python,1
podcasts,python,1
poe,perl,1
poetry,python,1
point,perl,1
politeness,python,1
polymorphism,python,1
ponie,perl,1
poor,perl,1
popularity,perl,1
port,perl,1
portable,python,1
portal,perl,1
portal,python,1
portal:free,perl,1
portal:free,python,1
ported,perl,1
porters,perl,1
portuguese,python,1
position,python,1
positionally,python,1
positive,perl,1
potential,perl,1
power,perl,1
power,python,1
powered,perl,1
powerful,perl,1
powers,python,1
powers_of_two,python,1
practical,python,1
precede,perl,1
precedence,perl,1
precise,python,1
precision,python,1
preface,perl,1
preferred,python,1
prefix,perl,1
presented,perl,1
presents,perl,1
preserve,python,1
pressing,perl,1
prevailed,perl,1
prevalent,perl,1
price,perl,1
primes.append,python,1
primitives,perl,1
principal,python,1
principle,perl,1
principles,perl,1
principles,python,1
print,python,1
private,perl,1
pro,perl,1
problems,perl,1
problems,python,1
process,python,1
processes,perl,1
processing,python,1
processor,perl,1
prodigious,perl,1
professor,python,1
profiling,python,1
profit,python,1
program's,perl,1
programmable,python,1
programmer's,perl,1
progress,perl,1
progressbar,perl,1
prohibitive,python,1
project,python,1
projects,perl,1
promote,python,1
prone,perl,1
pronounced,perl,1
propagation,perl,1
properly,perl,1
properties,python,1
proponents,perl,1
proposal,python,1
proposed,perl,1
propound,python,1
proprietary,perl,1
protect,perl,1
protocol,python,1
protocols,python,1
proven,python,1
provide,perl,1
provided,python,1
psf,python,1
psion,python,1
public,perl,1
public,python,1
publishers,perl,1
punched,python,1
punctuation,perl,1
purity,perl,1
purposes,perl,1
purposes,python,1
push,python,1
put,perl,1
put,python,1
puts,perl,1
pydoc,python,1
pygame,python,1
pypi,python,1
pysol,python,1
pythoneers,python,1
pythonistas,python,1
pythonists,python,1
pythonphilosophy,python,1
pyui,python,1
qnx,python,1
queries,perl,1
question,python,1
quirk,python,1
quite,python,1
quotes,python,1
radical,python,1
rand,perl,1
randal,perl,1
range,perl,1
rapid,perl,1
rapidly,perl,1
rationale,python,1
readability,python,1
reader,python,1
readers,python,1
reading,python,1
real,perl,1
reasons,perl,1
recently,python,1
recursive,python,1
recursively,perl,1
redefine,python,1
redesign,perl,1
redirects,perl,1
redo,perl,1
reduce,perl,1
refer,perl,1
referenced,python,1
referential,python,1
referring,python,1
refers,perl,1
reflect,python,1
reflected,python,1
reflects,perl,1
regularly,perl,1
rehtona,perl,1
rejected,perl,1
rejected,python,1
related,perl,1
relational,python,1
relatively,perl,1
releases,perl,1
releases,python,1
relief,perl,1
rely,python,1
remains,python,1
repair,python,1
repeat,python,1
repeatedly,python,1
replaced,perl,1
replacement,python,1
reported,perl,1
represent,perl,1
represented,perl,1
republic,perl,1
required,python,1
requires,perl,1
requires,python,1
res,perl,1
research,python,1
reside,python,1
resolution,python,1
resource,python,1
resources,perl,1
responds,perl,1
response,perl,1
rest,python,1
reston,python,1
result,python,1
resulted,perl,1
results,python,1
retrieve,python,1
retrieved,python,1
returning,python,1
returns,python,1
review,perl,1
reviews,perl,1
rewrite,perl,1
rich,perl,1
rights,perl,1
risc,python,1
rising,perl,1
robust,perl,1
role,python,1
roll,python,1
rot13,perl,1
rough,python,1
roughly,python,1
routines,python,1
rubbish,perl,1
ruby,python,1
rule,python,1
rules,perl,1
running,python,1
russian,python,1
said,perl,1
satirizes,perl,1
satisfaction,perl,1
satisfactory,perl,1
saw,perl,1
says,perl,1
scan,perl,1
schedule,python,1
scheme,perl,1
schwartz,perl,1
scope,python,1
script,perl,1
scripting,perl,1
sdl,python,1
search.cpan.org,perl,1
second,perl,1
section,perl,1
security,perl,1
sed,perl,1
seeing,perl,1
seem,perl,1
self,perl,1
semantically,python,1
semantics,perl,1
sematics,perl,1
semi,python,1
sensitive,perl,1
separate,perl,1
sequential,perl,1
sequential,python,1
serious,perl,1
serious,python,1
serve,perl,1
server,perl,1
server,python,1
service,perl,1
serving,perl,1
sessions,python,1
set,perl,1
sets,perl,1
sets,python,1
share,perl,1
share,python,1
sharing,python,1
sharp,python,1
shell,perl,1
shells,perl,1
shibboleth,perl,1
shop,python,1
should,python,1
show,python,1
shows,python,1
side,perl,1
significantly,python,1
similar,python,1
similarities,perl,1
simplest,perl,1
simplifies,perl,1
simplify,perl,1
site's,perl,1
situations,perl,1
situations,python,1
six,perl,1
size,perl,1
slash,perl,1
sleep,perl,1
slicing,python,1
slogan,python,1
slow,perl,1
slower,python,1
slowly,perl,1
snippets,python,1
solaris,python,1
solicited,perl,1
solitaire,python,1
solutions,perl,1
something,perl,1
something,python,1
sometimes,perl,1
somewhat,perl,1
somewhat,python,1
soon,python,1
sort,perl,1
sort,python,1
sorted,python,1
sorting,perl,1
source,python,1
spam,python,1
sparc,python,1
sparser,python,1
specialized,perl,1
specific,python,1
specifically,perl,1
specified,perl,1
specifies,perl,1
specifies,python,1
specify,perl,1
specifying,python,1
speed,perl,1
spent,perl,1
sport,perl,1
spot,python,1
square,perl,1
stability,perl,1
stabilize,perl,1
stand,perl,1
standards,perl,1
stands,perl,1
starting,perl,1
starting,python,1
state,perl,1
state,python,1
stated,perl,1
statement,python,1
statements,perl,1
statements,python,1
states,perl,1
stopped,perl,1
stops,python,1
stored,python,1
story,python,1
straight,perl,1
strength,python,1
strengths,python,1
structures,python,1
struggled,perl,1
students,python,1
subclassed,python,1
subclassing,python,1
subexpression,python,1
subject,python,1
subscripting,perl,1
subsequently,perl,1
subset,python,1
substantial,python,1
substitute,perl,1
substitution,perl,1
substitution,python,1
successor,python,1
sufficiently,perl,1
suffixes,perl,1
suggested,perl,1
suggestion,python,1
suggests,python,1
suited,python,1
suites,python,1
superficial,perl,1
supplants,perl,1
supposed,perl,1
surpasses,perl,1
surprise,perl,1
surround,perl,1
surrounding,python,1
swearing,perl,1
swings,perl,1
swiss,perl,1
switch,python,1
symbian,python,1
symbolized,perl,1
symbols,python,1
symmetric,python,1
synopses,perl,1
syntactic,perl,1
syntactic,python,1
syntactical,perl,1
syntaxes,python,1
synthesizing,perl,1
tab,python,1
tables,perl,1
tablet,python,1
tail,perl,1
tailored,python,1
take,perl,1
take,python,1
taken,perl,1
talk,perl,1
tang,perl,1
tape,perl,1
tar,perl,1
targeting,perl,1
tasks,python,1
technical,python,1
techniques,perl,1
technology,perl,1
tedious,perl,1
television,python,1
tells,perl,1
ten,perl,1
termed,python,1
terminated,python,1
terminates,perl,1
terse,perl,1
test,python,1
tested,python,1
tests,python,1
text,python,1
that's,python,1
theme,perl,1
themselves,python,1
then,perl,1
theoretic,python,1
there's,perl,1
therefore,perl,1
therefore,python,1
things,perl,1
think,perl,1
though,perl,1
thousands,perl,1
threaded,python,1
through,python,1
throw,perl,1
throwaway,python,1
thus,perl,1
tidy,perl,1
tim,perl,1
timtowtdi,python,1
tiny,perl,1
titled,perl,1
tmtowtdi,perl,1
toady,perl,1
today,perl,1
today's,perl,1
tolerates,perl,1
tool,perl,1
tool,python,1
topics,python,1
toward,python,1
tr,perl,1
trademark,perl,1
tradition,perl,1
tradition,python,1
traditional,python,1
trained,perl,1
transcription,perl,1
transcription,python,1
transfer,python,1
transiently,python,1
translates,perl,1
translation,python,1
transparency,python,1
transparently,perl,1
transparently,python,1
trap,python,1
treat,python,1
treating,python,1
trends,perl,1
trick,python,1
tricks,python,1
triple,python,1
truth,perl,1
try,perl,1
tsuj,perl,1
tuned,perl,1
tutorial,perl,1
twice,python,1
twisted,python,1
tying,perl,1
typedefs,perl,1
typeset,perl,1
typical,perl,1
uc,python,1
ultimately,python,1
unaesthetic,python,1
unambiguously,perl,1
uncapitalized,perl,1
uncluttered,python,1
unconditional,python,1
understood,perl,1
undertook,perl,1
undesirable,perl,1
undifferentiated,perl,1
unfamiliar,python,1
unfinalized,perl,1
unflattering,python,1
unfortunately,python,1
unicode,perl,1
unicode,python,1
unified,python,1
unify,python,1
unindexed,python,1
uninitiated,perl,1
union,python,1
unique,perl,1
unique,python,1
unit,python,1
unixes,python,1
unnecessary,perl,1
unpredictable,perl,1
unusual,perl,1
unwary,perl,1
upcase,perl,1
updated,python,1
uppercase,perl,1
urruu,perl,1
usage,perl,1
useless,python,1
usemodwiki,perl,1
usenet,perl,1
usr,perl,1
usually,perl,1
usually,python,1
v3.0_0505,perl,1
v5,perl,1
validly,python,1
valued,perl,1
variant,perl,1
variants,perl,1
varied,perl,1
variety,python,1
various,perl,1
vary,perl,1
verisign,perl,1
versa,python,1
verysign,perl,1
vice,python,1
video,perl,1
video,python,1
view,python,1
virginia,python,1
virtual,python,1
virtue,perl,1
visual,python,1
vms,python,1
vxworks,python,1
wait,perl,1
walking,perl,1
want,python,1
wanted,perl,1
wants,python,1
we,python,1
we're,python,1
websites,perl,1
weighting,perl,1
well,perl,1
went,perl,1
whether,python,1
whitened,perl,1
whose,python,1
widespread,python,1
wife,perl,1
wiki,perl,1
wikipedia,perl,1
wish,perl,1
within,perl,1
word,perl,1
wording,python,1
working,python,1
works,python,1
workshops,python,1
world's,perl,1
worldwide,perl,1
would,perl,1
write,python,1
writes,python,1
writing,python,1
wrong,perl,1
www.cpan.org,perl,1
wxpython,python,1
x.y,perl,1
xbmc,python,1
xbox,python,1
xinu,perl,1
yacc,perl,1
year,perl,1
year,python,1
yields,perl,1
yields,python,1
you're,python,1
your,perl,1
your,python,1
z,python,1
zaurus,python,1
zope,python,1
